{
  "project_info": {
    "project_number": "119382609399",
    "firebase_url": "https://facialscan.firebaseio.com",
    "project_id": "facialscan",
    "storage_bucket": "facialscan.appspot.com"
  },
  "client": [
    {
      "client_info": {
        "mobilesdk_app_id": "1:119382609399:android:09546560b4505797",
        "android_client_info": {
          "package_name": "com.google.firebase.samples.apps.mlkit"
        }
      },
      "oauth_client": [
        {
          "client_id": "119382609399-lc0shscu8ki5scmmu8j9rgu678a9pm3v.apps.googleusercontent.com",
          "client_type": 1,
          "android_info": {
            "package_name": "com.google.firebase.samples.apps.mlkit",
            "certificate_hash": "f6bea43e62f72a2fdfaf069717120765c744f754"
          }
        },
        {
          "client_id": "119382609399-o9i7vceqi94qgq6mhksriogg2f2rddf5.apps.googleusercontent.com",
          "client_type": 3
        }
      ],
      "api_key": [
        {
          "current_key": "AIzaSyB2ar0dPsLL9e4cHjiGHDXbEO6bs8JqAzs"
        }
      ],
      "services": {
        "analytics_service": {
          "status": 1
        },
        "appinvite_service": {
          "status": 2,
          "other_platform_oauth_client": [
            {
              "client_id": "119382609399-o9i7vceqi94qgq6mhksriogg2f2rddf5.apps.googleusercontent.com",
              "client_type": 3
            }
          ]
        },
        "ads_service": {
          "status": 2
        }
      }
    },
    {
      "client_info": {
        "mobilesdk_app_id": "1:119382609399:android:df462fe24042ab3b",
        "android_client_info": {
          "package_name": "ung.edu.cscsi.csci3360.tabegaz.foxtailfaces"
        }
      },
      "oauth_client": [
        {
          "client_id": "119382609399-maojg9ae7n3f1lka1a9e4cnvrm707mc5.apps.googleusercontent.com",
          "client_type": 1,
          "android_info": {
            "package_name": "ung.edu.cscsi.csci3360.tabegaz.foxtailfaces",
            "certificate_hash": "f6bea43e62f72a2fdfaf069717120765c744f754"
          }
        },
        {
          "client_id": "119382609399-o9i7vceqi94qgq6mhksriogg2f2rddf5.apps.googleusercontent.com",
          "client_type": 3
        }
      ],
      "api_key": [
        {
          "current_key": "AIzaSyB2ar0dPsLL9e4cHjiGHDXbEO6bs8JqAzs"
        }
      ],
      "services": {
        "analytics_service": {
          "status": 1
        },
        "appinvite_service": {
          "status": 2,
          "other_platform_oauth_client": [
            {
              "client_id": "119382609399-o9i7vceqi94qgq6mhksriogg2f2rddf5.apps.googleusercontent.com",
              "client_type": 3
            }
          ]
        },
        "ads_service": {
          "status": 2
        }
      }
    }
  ],
  "configuration_version": "1"
}